{
  "HDF_dt_k": 8.399999999999977,
  "OSF_wear_torque": 9372.904999999999,
  "TWF_wear": 206.04999999999927,
  "PWF_low": 36641.248999999996,
  "PWF_high": 84237.13
}